<?xml version="1.0" encoding="UTF-8"?>
<!DOCTYPE mapper PUBLIC "-//mybatis.org//DTD Mapper 3.0//EN" "http://mybatis.org/dtd/mybatis-3-mapper.dtd" >
<mapper namespace = "chongxin.net.mapper.MyUserMapper">

	<!-- 实体类与数据库表之间的映射 -->
	<resultMap type="chongxin.net.entity.MyUser" id="userMap">
		<!-- id -->
		<id property="id" column="id" javaType="int"/>
		<!-- 用户名 -->
		<result property="username" column="username" javaType="java.lang.String" />
		<!-- 密码 -->
		<result property="password" column="password" javaType="java.lang.String"/>
	</resultMap>
	
	<insert id="regist" parameterType="chongxin.net.entity.MyUser">
	    insert into user(username,password,sex) value(#{username} ,#{password},#{sex});
	</insert>
	
	<select id="login" resultType="map" parameterType="chongxin.net.entity.MyUser">
	     SELECT * FROM user WHERE username = #{username} and password = #{password};
	</select>

	<select id="findUsers" resultMap="userMap" parameterType="chongxin.net.entity.MyUser">
	     SELECT * FROM user;
	</select>
	
	<select id="getAllGoods" resultMap="itemMap" parameterType="chongxin.net.entity.Item">
	     SELECT * FROM items;
	</select>
	    
	<delete id="deleteUser" parameterType="int">
	     DELETE FROM `user` WHERE id = #{id};
	</delete>
	
	<select id="findUser" resultType="chongxin.net.entity.MyUser" parameterType="int">
	    SELECT * FROM `user` WHERE id = #{id};	
	</select>
	
	<update id="reUserUpdate" parameterType="chongxin.net.entity.MyUser">
	    UPDATE `user` SET username=#{username},password=#{password},sex=#{sex} WHERE id=#{id};
	</update>
	
	

</mapper>