<?xml version="1.0" encoding="UTF-8"?>
<beans xmlns="http://www.springframework.org/schema/beans"
	xmlns:xsi="http://www.w3.org/2001/XMLSchema-instance" xmlns:context="http://www.springframework.org/schema/context"
	xmlns:aop="http://www.springframework.org/schema/aop" xmlns:tx="http://www.springframework.org/schema/tx"
	xmlns:task="http://www.springframework.org/schema/task"
	xsi:schemaLocation="http://www.springframework.org/schema/beans
    http://www.springframework.org/schema/beans/spring-beans-3.0.xsd 
    http://www.springframework.org/schema/aop 
    http://www.springframework.org/schema/aop/spring-aop-3.0.xsd 
    http://www.springframework.org/schema/tx
    http://www.springframework.org/schema/tx/spring-tx-3.1.xsd
    http://www.springframework.org/schema/task http://www.springframework.org/schema/task/spring-task-3.2.xsd
    http://www.springframework.org/schema/context
	http://www.springframework.org/schema/context/spring-context-4.2.xsd">


	<!-- 开启自动扫包 -->
	<context:component-scan base-package="chongxin.net">
		<!--制定扫包规则，不扫描@Controller注解的JAVA类，其他的还是要扫描 -->
		<context:exclude-filter type="annotation"
			expression="org.springframework.stereotype.Controller" />

	</context:component-scan>
	<!-- 启动AOP支持 -->
	<aop:aspectj-autoproxy  proxy-target-class="true" />
	<aop:aspectj-autoproxy proxy-target-class="true" />

	<!-- 引入外部数据源配置信息 -->
	<bean
		class="org.springframework.beans.factory.config.PropertyPlaceholderConfigurer">
		<property name="locations">
			<value>/WEB-INF/config/datasource.properties</value>
		</property>
		<property name="fileEncoding">
			<value>UTF-8</value>
		</property>
	</bean>

	<!-- 配置数据源 -->
	<bean id="dataSource"
		class="org.springframework.jdbc.datasource.DriverManagerDataSource">
		<property name="driverClassName" value="${jdbc.driver}"></property>
		<property name="url" value="${jdbc.url}"></property>
		<property name="username" value="${jdbc.username}"></property>
		<property name="password" value="${jdbc.password}"></property>
	</bean>




	<!-- 配置Session工厂 -->
	<bean id="sqlSessionFactory" class="org.mybatis.spring.SqlSessionFactoryBean">
		<property name="dataSource" ref="dataSource"></property>
		<!-- 加载mybatis.cfg.xml文件 -->
		<property name="configLocation">
			<value>/WEB-INF/config/mybatis.cfg.xml</value>
		</property>
		<!-- 自动扫描需要定义类别名的包，将包内的JAVA类的类名作为类别名 -->
		<property name="typeAliasesPackage" value="chongxin.net.entity"></property>
	</bean>

	<!-- 自动扫描所有的Mapper接口与文件 -->
	<bean class="org.mybatis.spring.mapper.MapperScannerConfigurer">
		<property name="basePackage" value="chongxin.net.mapper"></property>
		<property name="sqlSessionFactoryBeanName" value="sqlSessionFactory"></property>
	</bean>

	<!-- 配置事务管理器 -->
	<bean id="transactionManager"
		class="org.springframework.jdbc.datasource.DataSourceTransactionManager">
		<property name="dataSource" ref="dataSource"></property>
	</bean>
	<!-- 事务控制 -->
	<tx:annotation-driven transaction-manager="transactionManager" />
	<!-- 定义个通知，指定事务管理器 -->
	<tx:advice id="transactionAdvice" transaction-manager="transactionManager">
		<tx:attributes>
			<tx:method name="*" propagation="REQUIRED" rollback-for="Exception" />
		</tx:attributes>
	</tx:advice>

	<aop:config>
		<!-- 配置一个切入点execution(* com.cy.ssm.service..*.*(..)) or execution(* com.lfmnet.wx.service..*.*(..)) -->
		<aop:pointcut id="serviceMethods"
			expression="execution(* chongxin.net.service..*.*(..))" />
		<aop:advisor advice-ref="transactionAdvice" pointcut-ref="serviceMethods" />
	</aop:config>
	<!-- 支持上传文件 -->
	<bean id="multipartResolver"
		class="org.springframework.web.multipart.commons.CommonsMultipartResolver">
		<!-- <property name="maxUploadSize"> <value>2048576</value> </property> 
			<property name="maxInMemorySize"> <value>4096</value> </property> -->
	</bean>
</beans>