<?xml version="1.0" encoding="UTF-8"?>
<beans xmlns="http://www.springframework.org/schema/beans"
	xmlns:xsi="http://www.w3.org/2001/XMLSchema-instance" xmlns:p="http://www.springframework.org/schema/p"
	xmlns:context="http://www.springframework.org/schema/context"
	xmlns:aop="http://www.springframework.org/schema/aop"
	xmlns:mvc="http://www.springframework.org/schema/mvc"
	xsi:schemaLocation="http://www.springframework.org/schema/beans http://www.springframework.org/schema/beans/spring-beans.xsd
	                    http://www.springframework.org/schema/aop
						http://www.springframework.org/schema/aop/spring-aop.xsd
                       http://www.springframework.org/schema/mvc http://www.springframework.org/schema/mvc/spring-mvc.xsd
                       http://www.springframework.org/schema/context http://www.springframework.org/schema/context/spring-context.xsd">

	<!-- 启动注解，注册服务，如验证框架、全局类型转换器 -->
	<mvc:annotation-driven />
	
	<!-- 启动对@AspectJ注解的支持  -->
    <aop:aspectj-autoproxy proxy-target-class="true"/>
    
	<context:component-scan base-package="chongxin.net.controller">
		<context:exclude-filter type="annotation"
			expression="org.springframework.stereotype.Service" />
	</context:component-scan>
	<!-- 扫描接口包 -->
	<context:component-scan base-package="chongxin.net.api">
	<context:exclude-filter type="annotation"
			expression="org.springframework.stereotype.Service" />
	</context:component-scan>
	<!-- 数据格式转换工具配置 start -->
	<mvc:annotation-driven conversion-service="conversionService" />
	<bean id="conversionService"
		class="org.springframework.format.support.FormattingConversionServiceFactoryBean">
		<property name="converters">
			<list>
				<!-- <bean class="com.ll.model.StringToPersonConverter" /> 没有自定义转换器，如果需要可以添加 -->
			</list>
		</property>
	</bean>
	<!-- 数据格式转换工具配置 end -->
	<!-- 对静态资源文件的访问 -->
	<mvc:resources mapping="/view/**" location="/view/" />
	<mvc:resources mapping="/path/**" location="/path/" />
	<mvc:resources mapping="/upload/**" location="/upload/" />
	<mvc:resources  mapping="/img/**" location="/img/" />



	<!-- 配置视图解析器 -->
	<!-- prefix和suffix：查找视图页面的前缀和后缀（前缀[逻辑视图名]后缀）， 比如传进来的逻辑视图名为WEB-INF/jsp/hello，则该该jsp视图页面应该存放在“WEB-INF/jsp/hello.jsp”； -->
	<bean class="org.springframework.web.servlet.view.UrlBasedViewResolver">
		<property name="viewClass"
			value="org.springframework.web.servlet.view.JstlView"></property>
		<property name="prefix" value="/"></property> <!-- 我这里的视图直接放在WebRoot下的 -->
		<property name="suffix" value=".jsp"></property>
	</bean>
	<!-- AJAX json转化 -->
	<bean
		class="org.springframework.web.servlet.mvc.annotation.AnnotationMethodHandlerAdapter">
		<property name="messageConverters">
			<list>
				<ref bean="mappingJackson2HttpMessageConverter" />
			</list>
		</property>
	</bean>
	<bean id="mappingJackson2HttpMessageConverter"
		class="org.springframework.http.converter.json.MappingJackson2HttpMessageConverter">
		<property name="supportedMediaTypes">
			<list>
				<value>application/json;charset=UTF-8</value>
				<value>text/html;charset=UTF-8</value>
				<value>text/json;charset=UTF-8</value>
			</list>
		</property>
	</bean>
	<!-- ②：拦截器的配置 -->
	<mvc:interceptors>
		<mvc:interceptor>
			<mvc:mapping path="/**" />
		     <mvc:exclude-mapping path="/" /> 	 
              <mvc:exclude-mapping path="/userLogin"/>
              <mvc:exclude-mapping path="/" /> 	 
              <mvc:exclude-mapping path="/getAllGoods"/>
			<bean class="chongxin.net.interceptor.BaseInterceptor"></bean>		
		</mvc:interceptor> 
		<!-- ReatFul Api拦截器 -->
		<!-- <mvc:interceptor>    
	        <mvc:mapping path="/apiv1-1/*" />  
	        <mvc:exclude-mapping path="/apiv1-1/userLogin" />
	        <bean class="chongxin.net.interceptor.TokenInterceptor"></bean>   
    	</mvc:interceptor>   -->
	</mvc:interceptors>
	<aop:aspectj-autoproxy />
</beans>