<?xml version="1.0" encoding="UTF-8"?>
<!DOCTYPE configuration PUBLIC "-//mybatis.org/DTD Config 3.0//EN" 
	"http://mybatis.org/dtd/mybatis-3-config.dtd" >
<configuration>
	<typeAliases>
		<typeAlias type="java.util.Map" alias="map" />
		<typeAlias type="java.util.HashMap" alias="hmap" />
		<typeAlias type="java.util.List" alias="list" />
		<typeAlias type="java.lang.Integer" alias="int" />
		<typeAlias type="java.lang.String" alias="String" />
		<typeAlias type="java.lang.Short" alias="short" />
	</typeAliases>
</configuration>
